<ui:UiBinder
  xmlns:ui='urn:ui:com.google.gwt.uibinder'
  xmlns:g='urn:import:com.google.gwt.user.client.ui'
  xmlns:mail='urn:import:com.google.gwt.sample.mail.client'>

  <ui:style>
  .anchor {
    margin: 0 8px;
  }
  </ui:style>

  <g:HTMLPanel>
    <g:Anchor styleName='{style.anchor}' ui:field='newerButton'
        href='javascript:;'>
      &lt; newer
    </g:Anchor>
    <span ui:field='countLabel'/>
    <g:Anchor styleName='{style.anchor}' ui:field='olderButton'
        href='javascript:;'>
      older &gt;
    </g:Anchor>
  </g:HTMLPanel>
</ui:UiBinder>
