<?xml version="1.0" encoding="UTF-8"?>
<!DOCTYPE module PUBLIC "-//Google Inc.//DTD Google Web Toolkit 0.0.999//EN" "http://google-web-toolkit.googlecode.com/svn/tags/0.0.999/distro-source/core/src/gwt-module.dtd">
<module>
  <inherits name='com.google.gwt.activity.Activity' />
  <inherits name='com.google.gwt.mobile.Mobile'/>
  <inherits name='com.google.gwt.place.Place' />
  <inherits name='com.google.gwt.requestfactory.RequestFactory'/>
  <inherits name='com.google.gwt.sample.gaerequest.GaeRequest'/>
  <inherits name='com.google.gwt.user.cellview.CellView'/>

  <source path='client'/>
  <source path='shared'/>

  <!-- Default Locale. -->
  <extend-property name="locale" values="en"/>
  <set-property-fallback name="locale" value="en"/>

  <inherits name='com.google.gwt.logging.Logging'/>
  <set-property name="gwt.logging.enabled" value="TRUE"/> 
  <set-property name="gwt.logging.logLevel" value="SEVERE"/>
  <set-property name="gwt.logging.consoleHandler" value="ENABLED" />
  <set-property name="gwt.logging.developmentModeHandler" value="ENABLED" />
  <set-property name="gwt.logging.firebugHandler" value="ENABLED" />
  <set-property name="gwt.logging.hasWidgetsHandler" value="DISABLED" />
  <set-property name="gwt.logging.popupHandler" value="DISABLED" />
  <set-property name="gwt.logging.systemHandler" value="ENABLED" />
  <set-property name="gwt.logging.simpleRemoteHandler" value="DISABLED" />
</module>
